<?xml version="1.0" encoding="UTF-8"?>
<project-private xmlns="http://www.netbeans.org/ns/project-private/1">
    <editor-bookmarks xmlns="http://www.netbeans.org/ns/editor-bookmarks/2" lastBookmarkId="0"/>
    <open-files xmlns="http://www.netbeans.org/ns/projectui-open-files/2">
        <group>
            <file>file:/C:/Users/louis/Desktop/Projets/Vigne_M2/soft/fuck_i2c.X/fuck_i2c.X/LoRa_com.h</file>
            <file>file:/C:/Users/louis/Desktop/Projets/Vigne_M2/soft/fuck_i2c.X/fuck_i2c.X/SX1272.c</file>
            <file>file:/C:/Users/louis/Desktop/Projets/Vigne_M2/soft/fuck_i2c.X/fuck_i2c.X/test_i2c.c</file>
            <file>file:/C:/Users/louis/Desktop/Projets/Vigne_M2/soft/fuck_i2c.X/fuck_i2c.X/spi.c</file>
            <file>file:/C:/Users/louis/Desktop/Projets/Vigne_M2/soft/fuck_i2c.X/fuck_i2c.X/init_F43K22.c</file>
            <file>file:/C:/Users/louis/Desktop/Projets/Vigne_M2/soft/fuck_i2c.X/fuck_i2c.X/RF_LoRa_868_SO.c</file>
            <file>file:/C:/Users/louis/Desktop/Projets/Vigne_M2/soft/fuck_i2c.X/fuck_i2c.X/LoRa_com.c</file>
            <file>file:/C:/Users/louis/Desktop/Projets/Vigne_M2/soft/fuck_i2c.X/fuck_i2c.X/RF_LoRa_868_SO.h</file>
            <file>file:/C:/Users/louis/Desktop/Projets/Vigne_M2/soft/fuck_i2c.X/fuck_i2c.X/init_F43K22.h</file>
        </group>
    </open-files>
</project-private>
